task_id,asin,keyword,title,url,image_url,price_from,price_to,currency,rating_value,rating_votes,is_best_seller,location_code,language_code,collected_at
10300802-1177-0209-0000-5702cf7fd9cb,B0F8HQVBQB,headphones,"Noise Master Buds Max, Sound by Bose Wireless Over-Ear Headphones with Segment Leading Adaptive ANC, Dynamic EQ, LHDC 5.0, Immersive Spatial Audio,Upto 60H Playtime, App Support (Titanium)",https://www.amazon.in/sspa/click?ie=UTF8&spc=MTo1MDY3MDQzMDI3OTQ2NTE6MTc2MTgwNDI4MjpzcF9hdGY6MzAwNzc2MzYwNjUzNjMyOjowOjo&url=%2FNoise-Wireless-Over-Ear-Headphones-Immersive%2Fdp%2FB0F8HQVBQB%2Fref%3Dsr_1_1_sspa%3Fcrid%3DFWDWOR6O7KJ1%26dib%3DeyJ2IjoiMSJ9.SxNPJoR7Jp07YgVlcCqtQZ_XoO4icTjrGTSGf1mN-mRfWpxJOubIgF_OsUgrIEOb01XcN8_Se_Hfd6RKSBJvL38NZNUzwEktwtfPkEyuYGTWx38-7m1OVlc05ilbdPNfM3wttWiYXnv-hba4BwpxVJaT2p9u7t4X_8hUCcFJUEN-UhDAWt3a1lTJPUX-Z9Abrm4zJrzUKyeOTuK9rMb2D8hzj7tuw4HKg17fgIU2S5Y.wmE90ruOT7aRpAgrMBbBQWlyW5MaEfAwR2wymNob9YU%26dib_tag%3Dse%26keywords%3Dheadphones%26qid%3D1761804282%26sprefix%3Dheadphones%252Caps%252C272%26sr%3D8-1-spons%26sp_csd%3Dd2lkZ2V0TmFtZT1zcF9hdGY%26psc%3D1&aref=5Q3ngasY2t&sp_cr=ZAZ,https://m.media-amazon.com/images/I/618JO08cG+L._AC_UY218_.jpg,10999,,INR,4.7,40,False,2356,en_US,2025-10-30T11:35:32.734783
10300802-1177-0209-0000-5702cf7fd9cb,B0FNN8HNKZ,headphones,"GOBOULT Made in India Newly Launched Q Over Ear Bluetooth Headphones with 70H Playtime, 40mm Bass Driver, Zen™ ENC Mic, Type-C Fast Charging, 4 EQ Mode, IPX5 headphones wireless with mic (Powder Blue)",https://www.amazon.in/sspa/click?ie=UTF8&spc=MTo1MDY3MDQzMDI3OTQ2NTE6MTc2MTgwNDI4MjpzcF9hdGY6MzAwNzIwMjI1OTYyOTMyOjowOjo&url=%2FLaunched-Bluetooth-Headphones-Playtime-headphones%2Fdp%2FB0FNN8HNKZ%2Fref%3Dsr_1_2_sspa%3Fcrid%3DFWDWOR6O7KJ1%26dib%3DeyJ2IjoiMSJ9.SxNPJoR7Jp07YgVlcCqtQZ_XoO4icTjrGTSGf1mN-mRfWpxJOubIgF_OsUgrIEOb01XcN8_Se_Hfd6RKSBJvL38NZNUzwEktwtfPkEyuYGTWx38-7m1OVlc05ilbdPNfM3wttWiYXnv-hba4BwpxVJaT2p9u7t4X_8hUCcFJUEN-UhDAWt3a1lTJPUX-Z9Abrm4zJrzUKyeOTuK9rMb2D8hzj7tuw4HKg17fgIU2S5Y.wmE90ruOT7aRpAgrMBbBQWlyW5MaEfAwR2wymNob9YU%26dib_tag%3Dse%26keywords%3Dheadphones%26qid%3D1761804282%26sprefix%3Dheadphones%252Caps%252C272%26sr%3D8-2-spons%26sp_csd%3Dd2lkZ2V0TmFtZT1zcF9hdGY%26psc%3D1&aref=p4LlFiAgds&sp_cr=ZAZ,https://m.media-amazon.com/images/I/61OvmIbqbvL._AC_UY218_.jpg,1799,,INR,4,4700,False,2356,en_US,2025-10-30T11:35:32.734783
10300802-1177-0209-0000-5702cf7fd9cb,B0FC2Y8XYF,headphones,"boAt 2025 Launch Rockerz 411, 40Ms Low Latency, 40Hrs Battery, 40Mm Drivers, ENx Tech, Stream Ad Free Music via App Support, Bluetooth Headphones, Wireless Over Ear Headphone with Mic (Active Black)",https://www.amazon.in/boAt-Bluetooth-Headphones-Wireless-Headphone/dp/B0FC2Y8XYF/ref=sr_1_3?crid=FWDWOR6O7KJ1&dib=eyJ2IjoiMSJ9.SxNPJoR7Jp07YgVlcCqtQZ_XoO4icTjrGTSGf1mN-mRfWpxJOubIgF_OsUgrIEOb01XcN8_Se_Hfd6RKSBJvL38NZNUzwEktwtfPkEyuYGTWx38-7m1OVlc05ilbdPNfM3wttWiYXnv-hba4BwpxVJaT2p9u7t4X_8hUCcFJUEN-UhDAWt3a1lTJPUX-Z9Abrm4zJrzUKyeOTuK9rMb2D8hzj7tuw4HKg17fgIU2S5Y.wmE90ruOT7aRpAgrMBbBQWlyW5MaEfAwR2wymNob9YU&dib_tag=se&keywords=headphones&qid=1761804282&sprefix=headphones%2Caps%2C272&sr=8-3,https://m.media-amazon.com/images/I/71QdB7hDCAL._AC_UY218_.jpg,1099,,INR,4.2,27200,False,2356,en_US,2025-10-30T11:35:32.734783
10300802-1177-0209-0000-5702cf7fd9cb,B071Z8M4KX,headphones,Boat BassHeads 100 in-Ear Headphones with Mic (Black),https://www.amazon.in/boAt-BassHeads-100-Headphones-Black/dp/B071Z8M4KX/ref=sr_1_4?crid=FWDWOR6O7KJ1&dib=eyJ2IjoiMSJ9.SxNPJoR7Jp07YgVlcCqtQZ_XoO4icTjrGTSGf1mN-mRfWpxJOubIgF_OsUgrIEOb01XcN8_Se_Hfd6RKSBJvL38NZNUzwEktwtfPkEyuYGTWx38-7m1OVlc05ilbdPNfM3wttWiYXnv-hba4BwpxVJaT2p9u7t4X_8hUCcFJUEN-UhDAWt3a1lTJPUX-Z9Abrm4zJrzUKyeOTuK9rMb2D8hzj7tuw4HKg17fgIU2S5Y.wmE90ruOT7aRpAgrMBbBQWlyW5MaEfAwR2wymNob9YU&dib_tag=se&keywords=headphones&qid=1761804282&sprefix=headphones%2Caps%2C272&sr=8-4,https://m.media-amazon.com/images/I/513ugd16C6L._AC_UY218_.jpg,339,,INR,4.1,420000,False,2356,en_US,2025-10-30T11:35:32.734783
10300802-1177-0209-0000-5702cf7fd9cb,B0FNNB4C7B,headphones,"GOBOULT Newly Launched Fluid X Headphones Bluetooth Wireless with 60H Playtime, 40mm Bass Driver, Zen ENC Mic, Type-C Charging, Combat™Gaming Mode, BTv 5.4, Headphones Wireless with mic (Jet Black)",https://www.amazon.in/Launched-Headphones-Bluetooth-Wireless-CombatTMGaming/dp/B0FNNB4C7B/ref=sr_1_5?crid=FWDWOR6O7KJ1&dib=eyJ2IjoiMSJ9.SxNPJoR7Jp07YgVlcCqtQZ_XoO4icTjrGTSGf1mN-mRfWpxJOubIgF_OsUgrIEOb01XcN8_Se_Hfd6RKSBJvL38NZNUzwEktwtfPkEyuYGTWx38-7m1OVlc05ilbdPNfM3wttWiYXnv-hba4BwpxVJaT2p9u7t4X_8hUCcFJUEN-UhDAWt3a1lTJPUX-Z9Abrm4zJrzUKyeOTuK9rMb2D8hzj7tuw4HKg17fgIU2S5Y.wmE90ruOT7aRpAgrMBbBQWlyW5MaEfAwR2wymNob9YU&dib_tag=se&keywords=headphones&qid=1761804282&sprefix=headphones%2Caps%2C272&sr=8-5,https://m.media-amazon.com/images/I/61OGCbKb5VL._AC_UY218_.jpg,1599,,INR,4,136,False,2356,en_US,2025-10-30T11:35:32.734783
10300802-1177-0209-0000-5702cf7fd9cb,B0C3HCD34R,headphones,"soundcore by Anker Q20i Wireless Bluetooth Over-Ear Headphones with Hybrid Active Noise Cancelling, 40h Playtime in ANC Mode, Hi-Res Audio, Deep Bass, Personalization via App (Black)",https://www.amazon.in/soundcore-Bluetooth-Headphones-Cancelling-Personalization/dp/B0C3HCD34R/ref=sxin_15_sbv_search_btf,https://m.media-amazon.com/images/I/51CnDMbXZzL._AC_UL640_QL65_.jpg,4299,,INR,4.3,39800,False,2356,en_US,2025-10-30T11:35:32.734783
10300802-1177-0209-0000-5702cf7fd9cb,B0FGV2CNN5,headphones,"pTron Studio Evo 70hrs Playtime Wireless Over Ear Headphones with HD Mic, Low-Latency Game/Movie/Music Modes, Punchy Bass, BT5.3, Dual Device Pairing, Voice Assistant & Type-C Fast Charging (Blue)",https://www.amazon.in/pTron-Studio-Headphones-Low-Latency-Assistant/dp/B0FGV2CNN5/ref=sr_1_6?crid=FWDWOR6O7KJ1&dib=eyJ2IjoiMSJ9.SxNPJoR7Jp07YgVlcCqtQZ_XoO4icTjrGTSGf1mN-mRfWpxJOubIgF_OsUgrIEOb01XcN8_Se_Hfd6RKSBJvL38NZNUzwEktwtfPkEyuYGTWx38-7m1OVlc05ilbdPNfM3wttWiYXnv-hba4BwpxVJaT2p9u7t4X_8hUCcFJUEN-UhDAWt3a1lTJPUX-Z9Abrm4zJrzUKyeOTuK9rMb2D8hzj7tuw4HKg17fgIU2S5Y.wmE90ruOT7aRpAgrMBbBQWlyW5MaEfAwR2wymNob9YU&dib_tag=se&keywords=headphones&qid=1761804282&sprefix=headphones%2Caps%2C272&sr=8-6,https://m.media-amazon.com/images/I/51hLUxJVLBL._AC_UY218_.jpg,799,,INR,4.1,419,False,2356,en_US,2025-10-30T11:35:32.734783
10300802-1177-0209-0000-5702cf7fd9cb,B07L8KNP5F,headphones,"ZEBRONICS THUNDER Bluetooth 5.3 Wireless Headphones with 60H Backup, Gaming Mode, Dual Pairing, ENC, AUX, Micro SD, Voice assistant, Comfortable Earcups, Call Function(Black)",https://www.amazon.in/ZEBRONICS-Bluetooth-Headphones-assistant-Comfortable/dp/B07L8KNP5F/ref=sr_1_7?crid=FWDWOR6O7KJ1&dib=eyJ2IjoiMSJ9.SxNPJoR7Jp07YgVlcCqtQZ_XoO4icTjrGTSGf1mN-mRfWpxJOubIgF_OsUgrIEOb01XcN8_Se_Hfd6RKSBJvL38NZNUzwEktwtfPkEyuYGTWx38-7m1OVlc05ilbdPNfM3wttWiYXnv-hba4BwpxVJaT2p9u7t4X_8hUCcFJUEN-UhDAWt3a1lTJPUX-Z9Abrm4zJrzUKyeOTuK9rMb2D8hzj7tuw4HKg17fgIU2S5Y.wmE90ruOT7aRpAgrMBbBQWlyW5MaEfAwR2wymNob9YU&dib_tag=se&keywords=headphones&qid=1761804282&sprefix=headphones%2Caps%2C272&sr=8-7,https://m.media-amazon.com/images/I/618-45t0P5L._AC_UY218_.jpg,799,,INR,3.8,80600,False,2356,en_US,2025-10-30T11:35:32.734783
10300802-1177-0209-0000-5702cf7fd9cb,B0DQ212KP4,headphones,"pTron Studio Evo 70hrs Playtime Wireless Over Ear Headphones with HD Mic, Low-Latency Game/Movie/Music Modes, Punchy Bass, BT5.3, Dual Device Pairing, Voice Assistant & Type-C Fast Charging (Black)",https://www.amazon.in/pTron-Studio-Headphones-Low-Latency-Assistant/dp/B0DQ212KP4/ref=sr_1_8?crid=FWDWOR6O7KJ1&dib=eyJ2IjoiMSJ9.SxNPJoR7Jp07YgVlcCqtQZ_XoO4icTjrGTSGf1mN-mRfWpxJOubIgF_OsUgrIEOb01XcN8_Se_Hfd6RKSBJvL38NZNUzwEktwtfPkEyuYGTWx38-7m1OVlc05ilbdPNfM3wttWiYXnv-hba4BwpxVJaT2p9u7t4X_8hUCcFJUEN-UhDAWt3a1lTJPUX-Z9Abrm4zJrzUKyeOTuK9rMb2D8hzj7tuw4HKg17fgIU2S5Y.wmE90ruOT7aRpAgrMBbBQWlyW5MaEfAwR2wymNob9YU&dib_tag=se&keywords=headphones&qid=1761804282&sprefix=headphones%2Caps%2C272&sr=8-8,https://m.media-amazon.com/images/I/51ZX74-s9DL._AC_UY218_.jpg,799,,INR,4.1,419,False,2356,en_US,2025-10-30T11:35:32.734783
10300802-1177-0209-0000-5702cf7fd9cb,B0DGTTKCJX,headphones,"boAt Rockerz 480, RGB LEDs,6 Light Modes, 40mm Drivers,Beast Mode, 60H Battery, ENx Tech, Stream Ad Free Music via App Support, Bluetooth Headphones, Wireless Over Ear Headphone with Mic (White Sabre)",https://www.amazon.in/boAt-Rockerz-480-Bluetooth-Headphones/dp/B0DGTTKCJX/ref=sr_1_9?crid=FWDWOR6O7KJ1&dib=eyJ2IjoiMSJ9.SxNPJoR7Jp07YgVlcCqtQZ_XoO4icTjrGTSGf1mN-mRfWpxJOubIgF_OsUgrIEOb01XcN8_Se_Hfd6RKSBJvL38NZNUzwEktwtfPkEyuYGTWx38-7m1OVlc05ilbdPNfM3wttWiYXnv-hba4BwpxVJaT2p9u7t4X_8hUCcFJUEN-UhDAWt3a1lTJPUX-Z9Abrm4zJrzUKyeOTuK9rMb2D8hzj7tuw4HKg17fgIU2S5Y.wmE90ruOT7aRpAgrMBbBQWlyW5MaEfAwR2wymNob9YU&dib_tag=se&keywords=headphones&qid=1761804282&sprefix=headphones%2Caps%2C272&sr=8-9,https://m.media-amazon.com/images/I/61cIHzCDl6L._AC_UY218_.jpg,1699,,INR,4.1,3000,False,2356,en_US,2025-10-30T11:35:32.734783
10300802-1177-0209-0000-5702cf7fd9cb,B0BS1RT9S2,headphones,"Sony WH-CH520 Wireless Bluetooth Headphones On Ear with Mic, Up to 50Hrs Battery, Quick Charge, DSEE Upscale, Multipoint Connectivity, Voice Assistant, Customized EQ-Blue",https://www.amazon.in/Sony-Bluetooth-Headphones-Multipoint-Connectivity/dp/B0BS1RT9S2/ref=sr_1_10?crid=FWDWOR6O7KJ1&dib=eyJ2IjoiMSJ9.SxNPJoR7Jp07YgVlcCqtQZ_XoO4icTjrGTSGf1mN-mRfWpxJOubIgF_OsUgrIEOb01XcN8_Se_Hfd6RKSBJvL38NZNUzwEktwtfPkEyuYGTWx38-7m1OVlc05ilbdPNfM3wttWiYXnv-hba4BwpxVJaT2p9u7t4X_8hUCcFJUEN-UhDAWt3a1lTJPUX-Z9Abrm4zJrzUKyeOTuK9rMb2D8hzj7tuw4HKg17fgIU2S5Y.wmE90ruOT7aRpAgrMBbBQWlyW5MaEfAwR2wymNob9YU&dib_tag=se&keywords=headphones&qid=1761804282&sprefix=headphones%2Caps%2C272&sr=8-10,https://m.media-amazon.com/images/I/41JACWT-wWL._AC_UY218_.jpg,3990,,INR,4.2,24200,False,2356,en_US,2025-10-30T11:35:32.734783
10300802-1177-0209-0000-5702cf7fd9cb,B0CY1Y48Q5,headphones,"Noise Airwave Max 3 Bluetooth On Ear Headphones with 70H Playtime, 40mm Driver, Low Latency(up to 45ms),Dual Pairing, BT v5.3 (Dark Brown)",https://www.amazon.in/sspa/click?ie=UTF8&spc=MTo1MDY3MDQzMDI3OTQ2NTE6MTc2MTgwNDI4MjpzcF9tdGY6MzAwMjg3MTk1NzczMzMyOjowOjo&url=%2FNoise-Launched-Wireless-Headphones-Playtime%2Fdp%2FB0CY1Y48Q5%2Fref%3Dsr_1_11_sspa%3Fcrid%3DFWDWOR6O7KJ1%26dib%3DeyJ2IjoiMSJ9.SxNPJoR7Jp07YgVlcCqtQZ_XoO4icTjrGTSGf1mN-mRfWpxJOubIgF_OsUgrIEOb01XcN8_Se_Hfd6RKSBJvL38NZNUzwEktwtfPkEyuYGTWx38-7m1OVlc05ilbdPNfM3wttWiYXnv-hba4BwpxVJaT2p9u7t4X_8hUCcFJUEN-UhDAWt3a1lTJPUX-Z9Abrm4zJrzUKyeOTuK9rMb2D8hzj7tuw4HKg17fgIU2S5Y.wmE90ruOT7aRpAgrMBbBQWlyW5MaEfAwR2wymNob9YU%26dib_tag%3Dse%26keywords%3Dheadphones%26qid%3D1761804282%26sprefix%3Dheadphones%252Caps%252C272%26sr%3D8-11-spons%26sp_csd%3Dd2lkZ2V0TmFtZT1zcF9tdGY%26psc%3D1&aref=FxsKaUXI5H&sp_cr=ZAZ,https://m.media-amazon.com/images/I/61e0R7kXZjL._AC_UY218_.jpg,1699,,INR,3.9,2300,False,2356,en_US,2025-10-30T11:35:32.734783
10300802-1177-0209-0000-5702cf7fd9cb,B0C3HCD34R,headphones,"soundcore by Anker Q20i Wireless Bluetooth Over-Ear Headphones with Hybrid Active Noise Cancelling, 40h Playtime in ANC Mode, Hi-Res Audio, Deep Bass, Personalization via App (Black)",https://www.amazon.in/sspa/click?ie=UTF8&spc=MTo1MDY3MDQzMDI3OTQ2NTE6MTc2MTgwNDI4MjpzcF9tdGY6MzAwMzIxODUyNTkwNzMyOjowOjo&url=%2Fsoundcore-Bluetooth-Headphones-Cancelling-Personalization%2Fdp%2FB0C3HCD34R%2Fref%3Dsr_1_12_sspa%3Fcrid%3DFWDWOR6O7KJ1%26dib%3DeyJ2IjoiMSJ9.SxNPJoR7Jp07YgVlcCqtQZ_XoO4icTjrGTSGf1mN-mRfWpxJOubIgF_OsUgrIEOb01XcN8_Se_Hfd6RKSBJvL38NZNUzwEktwtfPkEyuYGTWx38-7m1OVlc05ilbdPNfM3wttWiYXnv-hba4BwpxVJaT2p9u7t4X_8hUCcFJUEN-UhDAWt3a1lTJPUX-Z9Abrm4zJrzUKyeOTuK9rMb2D8hzj7tuw4HKg17fgIU2S5Y.wmE90ruOT7aRpAgrMBbBQWlyW5MaEfAwR2wymNob9YU%26dib_tag%3Dse%26keywords%3Dheadphones%26qid%3D1761804282%26sprefix%3Dheadphones%252Caps%252C272%26sr%3D8-12-spons%26sp_csd%3Dd2lkZ2V0TmFtZT1zcF9tdGY%26psc%3D1&aref=2ttmaVMOKh&sp_cr=ZAZ,https://m.media-amazon.com/images/I/51CnDMbXZzL._AC_UY218_.jpg,4299,,INR,4.3,39800,False,2356,en_US,2025-10-30T11:35:32.734783
10300802-1177-0209-0000-5702cf7fd9cb,B0B4G44RFS,headphones,"Zebronics Zeb-Storm On Ear Wired Headphone with 3.5mm Jack, Built in Microphone for Calling, 1.5 Meter Cable, Soft Ear Cushion, Adjustable Headband, Foldable Ear Cups and Lightweight Design (Black)",https://www.amazon.in/ZEBRONICS-Zeb-Storm-Microphone-Adjustable-Lightweight/dp/B0B4G44RFS/ref=sr_1_13?crid=FWDWOR6O7KJ1&dib=eyJ2IjoiMSJ9.SxNPJoR7Jp07YgVlcCqtQZ_XoO4icTjrGTSGf1mN-mRfWpxJOubIgF_OsUgrIEOb01XcN8_Se_Hfd6RKSBJvL38NZNUzwEktwtfPkEyuYGTWx38-7m1OVlc05ilbdPNfM3wttWiYXnv-hba4BwpxVJaT2p9u7t4X_8hUCcFJUEN-UhDAWt3a1lTJPUX-Z9Abrm4zJrzUKyeOTuK9rMb2D8hzj7tuw4HKg17fgIU2S5Y.wmE90ruOT7aRpAgrMBbBQWlyW5MaEfAwR2wymNob9YU&dib_tag=se&keywords=headphones&qid=1761804282&sprefix=headphones%2Caps%2C272&sr=8-13,https://m.media-amazon.com/images/I/61FrvQMXxJL._AC_UY218_.jpg,499,,INR,3.7,2700,False,2356,en_US,2025-10-30T11:35:32.734783
10300802-1177-0209-0000-5702cf7fd9cb,B0DGTSRX3R,headphones,"boAt Rockerz 480, RGB LEDs,6 Light Modes, 40mm Drivers,Beast Mode, 60H Battery, ENx Tech, Stream Ad Free Music via App Support, Bluetooth Headphones, Wireless Over Ear Headphone with Mic (Black Sabre)",https://www.amazon.in/boAt-Rockerz-480-Bluetooth-Headphones/dp/B0DGTSRX3R/ref=sr_1_14?crid=FWDWOR6O7KJ1&dib=eyJ2IjoiMSJ9.SxNPJoR7Jp07YgVlcCqtQZ_XoO4icTjrGTSGf1mN-mRfWpxJOubIgF_OsUgrIEOb01XcN8_Se_Hfd6RKSBJvL38NZNUzwEktwtfPkEyuYGTWx38-7m1OVlc05ilbdPNfM3wttWiYXnv-hba4BwpxVJaT2p9u7t4X_8hUCcFJUEN-UhDAWt3a1lTJPUX-Z9Abrm4zJrzUKyeOTuK9rMb2D8hzj7tuw4HKg17fgIU2S5Y.wmE90ruOT7aRpAgrMBbBQWlyW5MaEfAwR2wymNob9YU&dib_tag=se&keywords=headphones&qid=1761804282&sprefix=headphones%2Caps%2C272&sr=8-14,https://m.media-amazon.com/images/I/711l4y8aNlL._AC_UY218_.jpg,1699,,INR,4.1,3000,False,2356,en_US,2025-10-30T11:35:32.734783
10300802-1177-0209-0000-5702cf7fd9cb,B0BS1PRC4L,headphones,"Sony WH-CH520 Wireless Bluetooth Headphones On Ear with Mic, Up to 50Hrs Battery, Quick Charge, DSEE Upscale, Multipoint Connectivity, Voice Assistant, Customized EQ-Black",https://www.amazon.in/Sony-Bluetooth-Headphones-Multipoint-Connectivity/dp/B0BS1PRC4L/ref=sr_1_15?crid=FWDWOR6O7KJ1&dib=eyJ2IjoiMSJ9.SxNPJoR7Jp07YgVlcCqtQZ_XoO4icTjrGTSGf1mN-mRfWpxJOubIgF_OsUgrIEOb01XcN8_Se_Hfd6RKSBJvL38NZNUzwEktwtfPkEyuYGTWx38-7m1OVlc05ilbdPNfM3wttWiYXnv-hba4BwpxVJaT2p9u7t4X_8hUCcFJUEN-UhDAWt3a1lTJPUX-Z9Abrm4zJrzUKyeOTuK9rMb2D8hzj7tuw4HKg17fgIU2S5Y.wmE90ruOT7aRpAgrMBbBQWlyW5MaEfAwR2wymNob9YU&dib_tag=se&keywords=headphones&qid=1761804282&sprefix=headphones%2Caps%2C272&sr=8-15,https://m.media-amazon.com/images/I/41lArSiD5hL._AC_UY218_.jpg,3490,,INR,4.2,24200,False,2356,en_US,2025-10-30T11:35:32.734783
10300802-1177-0209-0000-5702cf7fd9cb,B09B5CPV71,headphones,"ZEBRONICS Thunder Bluetooth 5.3 Wireless Over Ear Headphones with 60H Backup, Gaming Mode, Dual Pairing, Enc, Aux, Micro Sd, Voice Assistant, Comfortable Earcups, Call Function (Sea Green)",https://www.amazon.in/ZEBRONICS-Zeb-Thunder-Connectivity-Sea-Green/dp/B09B5CPV71/ref=sr_1_16?crid=FWDWOR6O7KJ1&dib=eyJ2IjoiMSJ9.SxNPJoR7Jp07YgVlcCqtQZ_XoO4icTjrGTSGf1mN-mRfWpxJOubIgF_OsUgrIEOb01XcN8_Se_Hfd6RKSBJvL38NZNUzwEktwtfPkEyuYGTWx38-7m1OVlc05ilbdPNfM3wttWiYXnv-hba4BwpxVJaT2p9u7t4X_8hUCcFJUEN-UhDAWt3a1lTJPUX-Z9Abrm4zJrzUKyeOTuK9rMb2D8hzj7tuw4HKg17fgIU2S5Y.wmE90ruOT7aRpAgrMBbBQWlyW5MaEfAwR2wymNob9YU&dib_tag=se&keywords=headphones&qid=1761804282&sprefix=headphones%2Caps%2C272&sr=8-16,https://m.media-amazon.com/images/I/61smYWXWx9L._AC_UY218_.jpg,799,,INR,3.8,80600,False,2356,en_US,2025-10-30T11:35:32.734783
10300802-1177-0209-0000-5702cf7fd9cb,B0FGTZ19JS,headphones,"pTron Studio Evo 70hrs Playtime Wireless Over Ear Headphones with HD Mic, Low-Latency Game/Movie/Music Modes, Punchy Bass, BT5.3, Dual Device Pairing, Voice Assistant & Type-C Fast Charging (Beige)",https://www.amazon.in/pTron-Studio-Headphones-Low-Latency-Assistant/dp/B0FGTZ19JS/ref=sr_1_17?crid=FWDWOR6O7KJ1&dib=eyJ2IjoiMSJ9.SxNPJoR7Jp07YgVlcCqtQZ_XoO4icTjrGTSGf1mN-mRfWpxJOubIgF_OsUgrIEOb01XcN8_Se_Hfd6RKSBJvL38NZNUzwEktwtfPkEyuYGTWx38-7m1OVlc05ilbdPNfM3wttWiYXnv-hba4BwpxVJaT2p9u7t4X_8hUCcFJUEN-UhDAWt3a1lTJPUX-Z9Abrm4zJrzUKyeOTuK9rMb2D8hzj7tuw4HKg17fgIU2S5Y.wmE90ruOT7aRpAgrMBbBQWlyW5MaEfAwR2wymNob9YU&dib_tag=se&keywords=headphones&qid=1761804282&sprefix=headphones%2Caps%2C272&sr=8-17,https://m.media-amazon.com/images/I/51+Zl86jLkL._AC_UY218_.jpg,799,,INR,4.1,419,False,2356,en_US,2025-10-30T11:35:32.734783
10300802-1177-0209-0000-5702cf7fd9cb,B0FNNC3FKY,headphones,"GOBOULT Newly Launched Fluid X Headphones Bluetooth Wireless with 60H Playtime, 40mm Bass Driver, Zen ENC Mic, Type-C Charging, Combat™Gaming Mode, BTv 5.4, Headphones Wireless with mic (White)",https://www.amazon.in/Launched-Headphones-Bluetooth-Wireless-CombatTMGaming/dp/B0FNNC3FKY/ref=sr_1_18?crid=FWDWOR6O7KJ1&dib=eyJ2IjoiMSJ9.SxNPJoR7Jp07YgVlcCqtQZ_XoO4icTjrGTSGf1mN-mRfWpxJOubIgF_OsUgrIEOb01XcN8_Se_Hfd6RKSBJvL38NZNUzwEktwtfPkEyuYGTWx38-7m1OVlc05ilbdPNfM3wttWiYXnv-hba4BwpxVJaT2p9u7t4X_8hUCcFJUEN-UhDAWt3a1lTJPUX-Z9Abrm4zJrzUKyeOTuK9rMb2D8hzj7tuw4HKg17fgIU2S5Y.wmE90ruOT7aRpAgrMBbBQWlyW5MaEfAwR2wymNob9YU&dib_tag=se&keywords=headphones&qid=1761804282&sprefix=headphones%2Caps%2C272&sr=8-18,https://m.media-amazon.com/images/I/615ARblI-qL._AC_UY218_.jpg,1999,,INR,4,136,False,2356,en_US,2025-10-30T11:35:32.734783
10300802-1177-0209-0000-5702cf7fd9cb,B01DEWVZ2C,headphones,"JBL C100SI Wired In Ear Headphones With Mic, Pure Bass Sound, One Button Multi-Function Remote, Premium Metallic Finish, Angled Buds For Comfort Fit (Black)",https://www.amazon.in/JBL-Headphones-Multi-function-Premium-Metallic/dp/B01DEWVZ2C/ref=sr_1_19?crid=FWDWOR6O7KJ1&dib=eyJ2IjoiMSJ9.SxNPJoR7Jp07YgVlcCqtQZ_XoO4icTjrGTSGf1mN-mRfWpxJOubIgF_OsUgrIEOb01XcN8_Se_Hfd6RKSBJvL38NZNUzwEktwtfPkEyuYGTWx38-7m1OVlc05ilbdPNfM3wttWiYXnv-hba4BwpxVJaT2p9u7t4X_8hUCcFJUEN-UhDAWt3a1lTJPUX-Z9Abrm4zJrzUKyeOTuK9rMb2D8hzj7tuw4HKg17fgIU2S5Y.wmE90ruOT7aRpAgrMBbBQWlyW5MaEfAwR2wymNob9YU&dib_tag=se&keywords=headphones&qid=1761804282&sprefix=headphones%2Caps%2C272&sr=8-19,https://m.media-amazon.com/images/I/51Q8DUDT2eL._AC_UY218_.jpg,599,,INR,4,200000,False,2356,en_US,2025-10-30T11:35:32.734783
10300802-1177-0209-0000-5702cf7fd9cb,B09QL3NQHX,headphones,"Boat Rockerz 425 Bluetooth Wireless Over Ear Headphones with Mic Signature Sound, Beast Mode for Gaming, Enx Tech, ASAP Charge, 25H Playtime, Bluetooth V5.2 (Active Black)",https://www.amazon.in/Rockerz-425-Bluetooth-Headphones-Signature/dp/B09QL3NQHX/ref=sr_1_20?crid=FWDWOR6O7KJ1&dib=eyJ2IjoiMSJ9.SxNPJoR7Jp07YgVlcCqtQZ_XoO4icTjrGTSGf1mN-mRfWpxJOubIgF_OsUgrIEOb01XcN8_Se_Hfd6RKSBJvL38NZNUzwEktwtfPkEyuYGTWx38-7m1OVlc05ilbdPNfM3wttWiYXnv-hba4BwpxVJaT2p9u7t4X_8hUCcFJUEN-UhDAWt3a1lTJPUX-Z9Abrm4zJrzUKyeOTuK9rMb2D8hzj7tuw4HKg17fgIU2S5Y.wmE90ruOT7aRpAgrMBbBQWlyW5MaEfAwR2wymNob9YU&dib_tag=se&keywords=headphones&qid=1761804282&sprefix=headphones%2Caps%2C272&sr=8-20,https://m.media-amazon.com/images/I/61XvYOrqVeL._AC_UY218_.jpg,1299,,INR,3.7,5000,False,2356,en_US,2025-10-30T11:35:32.734783
10300802-1177-0209-0000-5702cf7fd9cb,B0FGTZ19JS,headphones,"pTron Studio Evo 70hrs Playtime Wireless Over Ear Headphones with HD Mic, Low-Latency Game/Movie/Music Modes, Punchy Bass, BT5.3, Dual Device Pairing, Voice Assistant & Type-C Fast Charging (Beige)",https://www.amazon.in/sspa/click?ie=UTF8&spc=MTo1MDY3MDQzMDI3OTQ2NTE6MTc2MTgwNDI4MjpzcF9idGY6MzAwNzA2MDIwMjMzNDMyOjowOjo&url=%2FpTron-Studio-Headphones-Low-Latency-Assistant%2Fdp%2FB0FGTZ19JS%2Fref%3Dsr_1_21_sspa%3Fcrid%3DFWDWOR6O7KJ1%26dib%3DeyJ2IjoiMSJ9.SxNPJoR7Jp07YgVlcCqtQZ_XoO4icTjrGTSGf1mN-mRfWpxJOubIgF_OsUgrIEOb01XcN8_Se_Hfd6RKSBJvL38NZNUzwEktwtfPkEyuYGTWx38-7m1OVlc05ilbdPNfM3wttWiYXnv-hba4BwpxVJaT2p9u7t4X_8hUCcFJUEN-UhDAWt3a1lTJPUX-Z9Abrm4zJrzUKyeOTuK9rMb2D8hzj7tuw4HKg17fgIU2S5Y.wmE90ruOT7aRpAgrMBbBQWlyW5MaEfAwR2wymNob9YU%26dib_tag%3Dse%26keywords%3Dheadphones%26qid%3D1761804282%26sprefix%3Dheadphones%252Caps%252C272%26sr%3D8-21-spons%26sp_csd%3Dd2lkZ2V0TmFtZT1zcF9idGY%26psc%3D1&aref=Ho9uhyspCn&sp_cr=ZAZ,https://m.media-amazon.com/images/I/51+Zl86jLkL._AC_UY218_.jpg,799,,INR,4.1,419,False,2356,en_US,2025-10-30T11:35:32.734783
10300802-1177-0209-0000-5702cf7fd9cb,B0D1XVTKR5,headphones,"HP H300 Over Ear Wireless Headset, Black",https://www.amazon.in/sspa/click?ie=UTF8&spc=MTo1MDY3MDQzMDI3OTQ2NTE6MTc2MTgwNDI4MjpzcF9idGY6MzAwNDM4OTgzNDY2NzMyOjowOjo&url=%2FHP-H300-Wireless-Headset%2Fdp%2FB0D1XVTKR5%2Fref%3Dsr_1_22_sspa%3Fcrid%3DFWDWOR6O7KJ1%26dib%3DeyJ2IjoiMSJ9.SxNPJoR7Jp07YgVlcCqtQZ_XoO4icTjrGTSGf1mN-mRfWpxJOubIgF_OsUgrIEOb01XcN8_Se_Hfd6RKSBJvL38NZNUzwEktwtfPkEyuYGTWx38-7m1OVlc05ilbdPNfM3wttWiYXnv-hba4BwpxVJaT2p9u7t4X_8hUCcFJUEN-UhDAWt3a1lTJPUX-Z9Abrm4zJrzUKyeOTuK9rMb2D8hzj7tuw4HKg17fgIU2S5Y.wmE90ruOT7aRpAgrMBbBQWlyW5MaEfAwR2wymNob9YU%26dib_tag%3Dse%26keywords%3Dheadphones%26qid%3D1761804282%26sprefix%3Dheadphones%252Caps%252C272%26sr%3D8-22-spons%26sp_csd%3Dd2lkZ2V0TmFtZT1zcF9idGY%26psc%3D1&aref=fahvcpAeeg&sp_cr=ZAZ,https://m.media-amazon.com/images/I/61Io2BTmGjL._AC_UY218_.jpg,1499,,INR,3.6,225,False,2356,en_US,2025-10-30T11:35:32.734783
10300802-1177-0209-0000-5702cf7fd9cb,B0C3HCD34R,headphones,"soundcore by Anker Q20i Wireless Bluetooth Over-Ear Headphones with Hybrid Active Noise Cancelling, 40h Playtime in ANC Mode, Hi-Res Audio, Deep Bass, Personalization via App (Black)",https://www.amazon.in/soundcore-Bluetooth-Headphones-Cancelling-Personalization/dp/B0C3HCD34R/ref=sxbs_sbv_search_btf,https://m.media-amazon.com/images/I/51CnDMbXZzL._AC_UL640_QL65_.jpg,4299,,INR,4.3,39800,False,2356,en_US,2025-10-30T11:35:32.734783
10300802-1177-0209-0000-5702cf7fd9cb,B07PR1CL3S,headphones,"boAt Rockerz 450, 15 HRS Battery, 40mm Drivers, Padded Ear Cushions, Integrated Controls, Dual Modes, On Ear Bluetooth Headphones, Wireless Headphone with Mic (Luscious Black)",https://www.amazon.in/Rockerz-450-Wireless-Bluetooth-Headphone/dp/B07PR1CL3S/ref=sr_1_17?crid=FWDWOR6O7KJ1&dib=eyJ2IjoiMSJ9.dpewlzn3vM-8Okx6Do5PFqLDabQjXrsOvzEAapnsC-n1jwFBaLoTPWZVAHaG8kXXh_LtlemOC4n0u2mLWN6SIisds_9Nc4NUVsjlQronrFg0Bg3r30SuGXmV9ttmyImRWpNcHEC7YsK6osaGN3kIPnHKLhybhk2JX8--CogGsodvt9BTybO7CjuBngX47PW8k4aPn1uZw-geis_jJwnFMP0jRf1vyCT8rhjqRdMBHDY.rOpj7iNvYT31rz6Jss2sU0IGbcMXSv0RqXWF72wheUY&dib_tag=se&keywords=headphones&qid=1761804286&sprefix=headphones%2Caps%2C272&sr=8-17&xpid=LyC1tMK2IiUd6,https://m.media-amazon.com/images/I/51FNnHjzhQL._AC_UY218_.jpg,1699,,INR,4,120000,False,2356,en_US,2025-10-30T11:35:32.734783
10300802-1177-0209-0000-5702cf7fd9cb,B09CYX92NB,headphones,"JBL Tune 770NC Wireless Over Ear ANC Headphones with Mic, Upto 70 Hrs Battery, Speed Charge : 5 min Charge Gives up to 3H of Playback, Google Fast Pair, Dual Pairing, BT 5.3 (Black)",https://www.amazon.in/JBL-Wireless-Headphones-Speedcharge-Customize/dp/B09CYX92NB/ref=sr_1_18?crid=FWDWOR6O7KJ1&dib=eyJ2IjoiMSJ9.dpewlzn3vM-8Okx6Do5PFqLDabQjXrsOvzEAapnsC-n1jwFBaLoTPWZVAHaG8kXXh_LtlemOC4n0u2mLWN6SIisds_9Nc4NUVsjlQronrFg0Bg3r30SuGXmV9ttmyImRWpNcHEC7YsK6osaGN3kIPnHKLhybhk2JX8--CogGsodvt9BTybO7CjuBngX47PW8k4aPn1uZw-geis_jJwnFMP0jRf1vyCT8rhjqRdMBHDY.rOpj7iNvYT31rz6Jss2sU0IGbcMXSv0RqXWF72wheUY&dib_tag=se&keywords=headphones&qid=1761804286&sprefix=headphones%2Caps%2C272&sr=8-18&xpid=LyC1tMK2IiUd6,https://m.media-amazon.com/images/I/71TvdUf4kyL._AC_UY218_.jpg,5999,,INR,4,27300,False,2356,en_US,2025-10-30T11:35:32.734783
10300802-1177-0209-0000-5702cf7fd9cb,B0856HY85J,headphones,"boAt Rockerz 550/Rockerz 558 Over Ear Bluetooth Headphones with Upto 20 Hours Playback, 50MM Drivers, Soft Padded Ear Cushions and Physical Noise Isolation(Black)",https://www.amazon.in/boAt-Bluetooth-Headphones-Playback-Isolation/dp/B0856HY85J/ref=sr_1_19?crid=FWDWOR6O7KJ1&dib=eyJ2IjoiMSJ9.dpewlzn3vM-8Okx6Do5PFqLDabQjXrsOvzEAapnsC-n1jwFBaLoTPWZVAHaG8kXXh_LtlemOC4n0u2mLWN6SIisds_9Nc4NUVsjlQronrFg0Bg3r30SuGXmV9ttmyImRWpNcHEC7YsK6osaGN3kIPnHKLhybhk2JX8--CogGsodvt9BTybO7CjuBngX47PW8k4aPn1uZw-geis_jJwnFMP0jRf1vyCT8rhjqRdMBHDY.rOpj7iNvYT31rz6Jss2sU0IGbcMXSv0RqXWF72wheUY&dib_tag=se&keywords=headphones&qid=1761804286&sprefix=headphones%2Caps%2C272&sr=8-19&xpid=LyC1tMK2IiUd6,https://m.media-amazon.com/images/I/61gYxcIGjvL._AC_UY218_.jpg,1799,,INR,4,65400,False,2356,en_US,2025-10-30T11:35:32.734783
10300802-1177-0209-0000-5702cf7fd9cb,B0F8HP1HBR,headphones,"Noise Master Buds Max, Sound by Bose Wireless Over-Ear Headphones with Segment Leading Adaptive ANC, Dynamic EQ, LHDC 5.0, Immersive Spatial Audio,Upto 60H Playtime, App Support (Onyx)",https://www.amazon.in/sspa/click?ie=UTF8&spc=MTo0Njc1ODU2NzIyMDczMTcyOjE3NjE4MDQyOTE6c3BfYXRmX25leHQ6MzAwNzc2MzYwNjUzNTMyOjowOjo&url=%2FNoise-Wireless-Over-Ear-Headphones-Immersive%2Fdp%2FB0F8HP1HBR%2Fref%3Dsr_1_33_sspa%3Fcrid%3DFWDWOR6O7KJ1%26dib%3DeyJ2IjoiMSJ9.RMxAuUvcnQZzMpeSRos2pPr1WclON83TiFkL-rcJmWnQFq7iXcZB6cIDu002cOcsGnU3cj_ixh6-4fa_cd3jDLIlvSb1jWjyMInyvlmHAQqXrlxm747pWhFXg0ZFb5ULZ5n6Y7iXYh0ZuV7-nO_dTf6yJzdB_YqHWgiRFJ9u1ucGrZu8vXnzK18z9vOsfog2zWX0BK_uvsBGnBOliroRJPAzSqFzi-avlNjZkB_WLV8.j3RIJahq6707ll-eF5GcT3j8kzLrD_-YcllTFgIxgv0%26dib_tag%3Dse%26keywords%3Dheadphones%26qid%3D1761804291%26sprefix%3Dheadphones%252Caps%252C272%26sr%3D8-33-spons%26xpid%3DLyC1tMK2IiUd6%26sp_csd%3Dd2lkZ2V0TmFtZT1zcF9hdGZfbmV4dA%26psc%3D1&aref=GiJMR9cq9X&sp_cr=ZAZ,https://m.media-amazon.com/images/I/61eSXFi9nQL._AC_UY218_.jpg,10999,,INR,4.7,40,False,2356,en_US,2025-10-30T11:35:32.734783
10300802-1177-0209-0000-5702cf7fd9cb,B0DQ212KP4,headphones,"pTron Studio Evo 70hrs Playtime Wireless Over Ear Headphones with HD Mic, Low-Latency Game/Movie/Music Modes, Punchy Bass, BT5.3, Dual Device Pairing, Voice Assistant & Type-C Fast Charging (Black)",https://www.amazon.in/sspa/click?ie=UTF8&spc=MTo0Njc1ODU2NzIyMDczMTcyOjE3NjE4MDQyOTE6c3BfYXRmX25leHQ6MzAwNTc2MzM5NjUxNDMyOjowOjo&url=%2FpTron-Studio-Headphones-Low-Latency-Assistant%2Fdp%2FB0DQ212KP4%2Fref%3Dsr_1_34_sspa%3Fcrid%3DFWDWOR6O7KJ1%26dib%3DeyJ2IjoiMSJ9.RMxAuUvcnQZzMpeSRos2pPr1WclON83TiFkL-rcJmWnQFq7iXcZB6cIDu002cOcsGnU3cj_ixh6-4fa_cd3jDLIlvSb1jWjyMInyvlmHAQqXrlxm747pWhFXg0ZFb5ULZ5n6Y7iXYh0ZuV7-nO_dTf6yJzdB_YqHWgiRFJ9u1ucGrZu8vXnzK18z9vOsfog2zWX0BK_uvsBGnBOliroRJPAzSqFzi-avlNjZkB_WLV8.j3RIJahq6707ll-eF5GcT3j8kzLrD_-YcllTFgIxgv0%26dib_tag%3Dse%26keywords%3Dheadphones%26qid%3D1761804291%26sprefix%3Dheadphones%252Caps%252C272%26sr%3D8-34-spons%26xpid%3DLyC1tMK2IiUd6%26sp_csd%3Dd2lkZ2V0TmFtZT1zcF9hdGZfbmV4dA%26psc%3D1&aref=4PYCqhKpkp&sp_cr=ZAZ,https://m.media-amazon.com/images/I/51ZX74-s9DL._AC_UY218_.jpg,799,,INR,4.1,419,False,2356,en_US,2025-10-30T11:35:32.734783
10300802-1177-0209-0000-5702cf7fd9cb,B097JPDQR8,headphones,"ZEBRONICS Zeb-Thunder PRO On-Ear Wireless Headphone Up to 60 Hours Playback, Wired Mode, USB-C Type Charging(Black)",https://www.amazon.in/Zebronics-Zeb-Thunder-PRO-Headphone-Supporting/dp/B097JPDQR8/ref=sr_1_35?crid=FWDWOR6O7KJ1&dib=eyJ2IjoiMSJ9.RMxAuUvcnQZzMpeSRos2pPr1WclON83TiFkL-rcJmWnQFq7iXcZB6cIDu002cOcsGnU3cj_ixh6-4fa_cd3jDLIlvSb1jWjyMInyvlmHAQqXrlxm747pWhFXg0ZFb5ULZ5n6Y7iXYh0ZuV7-nO_dTf6yJzdB_YqHWgiRFJ9u1ucGrZu8vXnzK18z9vOsfog2zWX0BK_uvsBGnBOliroRJPAzSqFzi-avlNjZkB_WLV8.j3RIJahq6707ll-eF5GcT3j8kzLrD_-YcllTFgIxgv0&dib_tag=se&keywords=headphones&qid=1761804291&sprefix=headphones%2Caps%2C272&sr=8-35&xpid=LyC1tMK2IiUd6,https://m.media-amazon.com/images/I/618Z0eTNM6L._AC_UY218_.jpg,999,,INR,3.8,4100,False,2356,en_US,2025-10-30T11:35:32.734783
10300802-1177-0209-0000-5702cf7fd9cb,B0CCZ1HQ39,headphones,"Bose New QuietComfort Ultra Wireless Noise Cancelling Headphones with Spatial Audio, Over-The-Ear Headphones with Mic, Up to 24 Hours of Battery Life, White Smoke",https://www.amazon.in/Bose-QuietComfort-Wireless-Cancelling-Headphones/dp/B0CCZ1HQ39/ref=sr_1_36?crid=FWDWOR6O7KJ1&dib=eyJ2IjoiMSJ9.RMxAuUvcnQZzMpeSRos2pPr1WclON83TiFkL-rcJmWnQFq7iXcZB6cIDu002cOcsGnU3cj_ixh6-4fa_cd3jDLIlvSb1jWjyMInyvlmHAQqXrlxm747pWhFXg0ZFb5ULZ5n6Y7iXYh0ZuV7-nO_dTf6yJzdB_YqHWgiRFJ9u1ucGrZu8vXnzK18z9vOsfog2zWX0BK_uvsBGnBOliroRJPAzSqFzi-avlNjZkB_WLV8.j3RIJahq6707ll-eF5GcT3j8kzLrD_-YcllTFgIxgv0&dib_tag=se&keywords=headphones&qid=1761804291&sprefix=headphones%2Caps%2C272&sr=8-36&xpid=LyC1tMK2IiUd6,https://m.media-amazon.com/images/I/51yWZxN3vRL._AC_UY218_.jpg,35900,,INR,4.2,7900,False,2356,en_US,2025-10-30T11:35:32.734783
10300802-1177-0209-0000-5702cf7fd9cb,B0BS1QCFHX,headphones,"Sony WH-CH720N Active Noise Cancellation Wireless Bluetooth Over Ear Headphones with Mic, Adaptive Sound Control, Quick Charge, Up to 35Hrs Battery, Customized EQ- Black",https://www.amazon.in/Sony-Cancellation-Headphones-Multi-Point-Connection/dp/B0BS1QCFHX/ref=sr_1_37?crid=FWDWOR6O7KJ1&dib=eyJ2IjoiMSJ9.RMxAuUvcnQZzMpeSRos2pPr1WclON83TiFkL-rcJmWnQFq7iXcZB6cIDu002cOcsGnU3cj_ixh6-4fa_cd3jDLIlvSb1jWjyMInyvlmHAQqXrlxm747pWhFXg0ZFb5ULZ5n6Y7iXYh0ZuV7-nO_dTf6yJzdB_YqHWgiRFJ9u1ucGrZu8vXnzK18z9vOsfog2zWX0BK_uvsBGnBOliroRJPAzSqFzi-avlNjZkB_WLV8.j3RIJahq6707ll-eF5GcT3j8kzLrD_-YcllTFgIxgv0&dib_tag=se&keywords=headphones&qid=1761804291&sprefix=headphones%2Caps%2C272&sr=8-37&xpid=LyC1tMK2IiUd6,https://m.media-amazon.com/images/I/51rpbVmi9XL._AC_UY218_.jpg,8525,,INR,4.2,12900,False,2356,en_US,2025-10-30T11:35:32.734783
10300802-1177-0209-0000-5702cf7fd9cb,B08KHT2HDT,headphones,Marshall Major IV Wireless Bluetooth On Ear Headphone with Mic (Black),https://www.amazon.in/sspa/click?ie=UTF8&spc=MTo1MTg0MDc0NzcyOTU3Njc4OjE3NjE4MDQyOTE6c3Bfc2VhcmNoX3RoZW1hdGljOjMwMDE1NzI4MTQ5ODYzMjo6MDo6&url=%2FMarshall-Major-Foldable-Bluetooth-Headphones%2Fdp%2FB08KHT2HDT%2Fref%3Dsxin_14_pa_sp_search_thematic_sspa%3Fcontent-id%3Damzn1.sym.f4325b99-8968-4d6c-a274-a54cc530dfac%253Aamzn1.sym.f4325b99-8968-4d6c-a274-a54cc530dfac%26crid%3DFWDWOR6O7KJ1%26cv_ct_cx%3Dheadphones%26keywords%3Dheadphones%26pd_rd_i%3DB08KHT2HDT%26pd_rd_r%3Dcacc2a5c-7e71-4204-98c6-caeed27328aa%26pd_rd_w%3DYUcIt%26pd_rd_wg%3D7Gs8u%26pf_rd_p%3Df4325b99-8968-4d6c-a274-a54cc530dfac%26pf_rd_r%3DW0S0ZHV4YSAGBRJSVV8E%26qid%3D1761804291%26sbo%3DRZvfv%252F%252FHxDF%252BO5021pAnSA%253D%253D%26sprefix%3Dheadphones%252Caps%252C272%26sr%3D1-33-2ec22325-1003-449d-8aaf-c0bcc24717ae-spons%26xpid%3DLyC1tMK2IiUd6%26sp_csd%3Dd2lkZ2V0TmFtZT1zcF9zZWFyY2hfdGhlbWF0aWM%26psc%3D1&aref=YnuIulUoHZ&sp_cr=ZAZ,https://m.media-amazon.com/images/I/71mTfSKhhTL._AC_UL320_.jpg,9999,,INR,4.3,14500,False,2356,en_US,2025-10-30T11:35:32.734783
10300802-1177-0209-0000-5702cf7fd9cb,B0D5CZQ31M,headphones,"Marshall Major V Wireless On Ear Headphones, Cream.",https://www.amazon.in/sspa/click?ie=UTF8&spc=MTo1MTg0MDc0NzcyOTU3Njc4OjE3NjE4MDQyOTE6c3Bfc2VhcmNoX3RoZW1hdGljOjMwMDcyMzA2MzIwNzMzMjo6MTo6&url=%2FMarshall-Major-Wireless-Headphones-Cream%2Fdp%2FB0D5CZQ31M%2Fref%3Dsxin_14_pa_sp_search_thematic_sspa%3Fcontent-id%3Damzn1.sym.f4325b99-8968-4d6c-a274-a54cc530dfac%253Aamzn1.sym.f4325b99-8968-4d6c-a274-a54cc530dfac%26crid%3DFWDWOR6O7KJ1%26cv_ct_cx%3Dheadphones%26keywords%3Dheadphones%26pd_rd_i%3DB0D5CZQ31M%26pd_rd_r%3Dcacc2a5c-7e71-4204-98c6-caeed27328aa%26pd_rd_w%3DYUcIt%26pd_rd_wg%3D7Gs8u%26pf_rd_p%3Df4325b99-8968-4d6c-a274-a54cc530dfac%26pf_rd_r%3DW0S0ZHV4YSAGBRJSVV8E%26qid%3D1761804291%26sbo%3DRZvfv%252F%252FHxDF%252BO5021pAnSA%253D%253D%26sprefix%3Dheadphones%252Caps%252C272%26sr%3D1-34-2ec22325-1003-449d-8aaf-c0bcc24717ae-spons%26xpid%3DLyC1tMK2IiUd6%26sp_csd%3Dd2lkZ2V0TmFtZT1zcF9zZWFyY2hfdGhlbWF0aWM%26psc%3D1&aref=8Qgvc3regL&sp_cr=ZAZ,https://m.media-amazon.com/images/I/71zqqGdkY+L._AC_UL320_.jpg,14999,,INR,4.5,1900,False,2356,en_US,2025-10-30T11:35:32.734783
10300802-1177-0209-0000-5702cf7fd9cb,B0F797838S,headphones,"Skullcandy Icon ANC On-Ear Wireless Bluetooth Headphones - Active Noise Cancelling, 97.5dB 60Hr Battery + Rapid Charge, Mic, Stay-Aware Mode, iOS & Android – Primer",https://www.amazon.in/sspa/click?ie=UTF8&spc=MTo1MTg0MDc0NzcyOTU3Njc4OjE3NjE4MDQyOTE6c3Bfc2VhcmNoX3RoZW1hdGljOjMwMDY2MTE0OTE1MDAzMjo6Mjo6&url=%2FSkullcandy-Icon-ANC-Bluetooth-Headphones%2Fdp%2FB0F797838S%2Fref%3Dsxin_14_pa_sp_search_thematic_sspa%3Fcontent-id%3Damzn1.sym.f4325b99-8968-4d6c-a274-a54cc530dfac%253Aamzn1.sym.f4325b99-8968-4d6c-a274-a54cc530dfac%26crid%3DFWDWOR6O7KJ1%26cv_ct_cx%3Dheadphones%26keywords%3Dheadphones%26pd_rd_i%3DB0F797838S%26pd_rd_r%3Dcacc2a5c-7e71-4204-98c6-caeed27328aa%26pd_rd_w%3DYUcIt%26pd_rd_wg%3D7Gs8u%26pf_rd_p%3Df4325b99-8968-4d6c-a274-a54cc530dfac%26pf_rd_r%3DW0S0ZHV4YSAGBRJSVV8E%26qid%3D1761804291%26sbo%3DRZvfv%252F%252FHxDF%252BO5021pAnSA%253D%253D%26sprefix%3Dheadphones%252Caps%252C272%26sr%3D1-35-2ec22325-1003-449d-8aaf-c0bcc24717ae-spons%26xpid%3DLyC1tMK2IiUd6%26sp_csd%3Dd2lkZ2V0TmFtZT1zcF9zZWFyY2hfdGhlbWF0aWM%26psc%3D1&aref=9KdeVRmPUj&sp_cr=ZAZ,https://m.media-amazon.com/images/I/61IrbMEwFZL._AC_UL320_.jpg,7199,,INR,4.3,328,False,2356,en_US,2025-10-30T11:35:32.734783
10300802-1177-0209-0000-5702cf7fd9cb,B0CD1FHLMH,headphones,"soundcore by Anker H30i Wireless On-Ear Headphones, Foldable Design, Pure Bass, 70H Playtime, Bluetooth 5.3, Lightweight and Comfortable, App Connectivity, Multipoint Connection (Black)",https://www.amazon.in/sspa/click?ie=UTF8&spc=MTo1MTg0MDc0NzcyOTU3Njc4OjE3NjE4MDQyOTE6c3Bfc2VhcmNoX3RoZW1hdGljOjMwMDY0NjY0MzQ2NTUzMjo6Mzo6&url=%2Fsoundcore-Headphones-Lightweight-Comfortable-Connectivity%2Fdp%2FB0CD1FHLMH%2Fref%3Dsxin_14_pa_sp_search_thematic_sspa%3Fcontent-id%3Damzn1.sym.f4325b99-8968-4d6c-a274-a54cc530dfac%253Aamzn1.sym.f4325b99-8968-4d6c-a274-a54cc530dfac%26crid%3DFWDWOR6O7KJ1%26cv_ct_cx%3Dheadphones%26keywords%3Dheadphones%26pd_rd_i%3DB0CD1FHLMH%26pd_rd_r%3Dcacc2a5c-7e71-4204-98c6-caeed27328aa%26pd_rd_w%3DYUcIt%26pd_rd_wg%3D7Gs8u%26pf_rd_p%3Df4325b99-8968-4d6c-a274-a54cc530dfac%26pf_rd_r%3DW0S0ZHV4YSAGBRJSVV8E%26qid%3D1761804291%26sbo%3DRZvfv%252F%252FHxDF%252BO5021pAnSA%253D%253D%26sprefix%3Dheadphones%252Caps%252C272%26sr%3D1-36-2ec22325-1003-449d-8aaf-c0bcc24717ae-spons%26xpid%3DLyC1tMK2IiUd6%26sp_csd%3Dd2lkZ2V0TmFtZT1zcF9zZWFyY2hfdGhlbWF0aWM%26psc%3D1&aref=pHNR1afwbl&sp_cr=ZAZ,https://m.media-amazon.com/images/I/61SNaslx5FL._AC_UL320_.jpg,1499,,INR,4.2,8100,False,2356,en_US,2025-10-30T11:35:32.734783
10300802-1177-0209-0000-5702cf7fd9cb,B09XSDMT4F,headphones,"Sony WH-1000XM5 Best Active Noise Cancelling Wireless Bluetooth Over Ear Headphones with Mic for Clear Calling,Battery Life 30 Hours -White",https://www.amazon.in/Sony-WH-1000XM5-Wireless-Cancelling-Headphones/dp/B09XSDMT4F/ref=sr_1_38?crid=FWDWOR6O7KJ1&dib=eyJ2IjoiMSJ9.RMxAuUvcnQZzMpeSRos2pPr1WclON83TiFkL-rcJmWnQFq7iXcZB6cIDu002cOcsGnU3cj_ixh6-4fa_cd3jDLIlvSb1jWjyMInyvlmHAQqXrlxm747pWhFXg0ZFb5ULZ5n6Y7iXYh0ZuV7-nO_dTf6yJzdB_YqHWgiRFJ9u1ucGrZu8vXnzK18z9vOsfog2zWX0BK_uvsBGnBOliroRJPAzSqFzi-avlNjZkB_WLV8.j3RIJahq6707ll-eF5GcT3j8kzLrD_-YcllTFgIxgv0&dib_tag=se&keywords=headphones&qid=1761804291&sprefix=headphones%2Caps%2C272&sr=8-38&xpid=LyC1tMK2IiUd6,https://m.media-amazon.com/images/I/61ULAZmt9NL._AC_UY218_.jpg,28990,,INR,4.4,16000,False,2356,en_US,2025-10-30T11:35:32.734783
10300802-1177-0209-0000-5702cf7fd9cb,B0F7LZ2GW2,headphones,"boAt 2025 Launch Rockerz 421, 40H Battery, Low Latency(40Ms), 40Mm Drivers, Enx Tech, Stream Ad Free Music via App Support, Bluetooth Headphones, Wireless Over Ear Headphone with Mic (Sage Green)",https://www.amazon.in/boAt-Rockerz-Bluetooth-Headphones-Headphone/dp/B0F7LZ2GW2/ref=sr_1_39?crid=FWDWOR6O7KJ1&dib=eyJ2IjoiMSJ9.RMxAuUvcnQZzMpeSRos2pPr1WclON83TiFkL-rcJmWnQFq7iXcZB6cIDu002cOcsGnU3cj_ixh6-4fa_cd3jDLIlvSb1jWjyMInyvlmHAQqXrlxm747pWhFXg0ZFb5ULZ5n6Y7iXYh0ZuV7-nO_dTf6yJzdB_YqHWgiRFJ9u1ucGrZu8vXnzK18z9vOsfog2zWX0BK_uvsBGnBOliroRJPAzSqFzi-avlNjZkB_WLV8.j3RIJahq6707ll-eF5GcT3j8kzLrD_-YcllTFgIxgv0&dib_tag=se&keywords=headphones&qid=1761804291&sprefix=headphones%2Caps%2C272&sr=8-39&xpid=LyC1tMK2IiUd6,https://m.media-amazon.com/images/I/71SXIg5aNML._AC_UY218_.jpg,1399,,INR,4.2,917,False,2356,en_US,2025-10-30T11:35:32.734783
10300802-1177-0209-0000-5702cf7fd9cb,B0DGTSTQWL,headphones,"Boat Rockerz 430, 40mm Drivers, 40ms Latency, 40H Battery, ENx Tech, Adaptive Fit, Stream Ad Free Music via App Support, Bluetooth Headphones, Wireless Over Ear Headphone with Mic (Black Sabre)",https://www.amazon.in/boAt-Rockerz-430-Assistant-Headphones/dp/B0DGTSTQWL/ref=sr_1_40?crid=FWDWOR6O7KJ1&dib=eyJ2IjoiMSJ9.RMxAuUvcnQZzMpeSRos2pPr1WclON83TiFkL-rcJmWnQFq7iXcZB6cIDu002cOcsGnU3cj_ixh6-4fa_cd3jDLIlvSb1jWjyMInyvlmHAQqXrlxm747pWhFXg0ZFb5ULZ5n6Y7iXYh0ZuV7-nO_dTf6yJzdB_YqHWgiRFJ9u1ucGrZu8vXnzK18z9vOsfog2zWX0BK_uvsBGnBOliroRJPAzSqFzi-avlNjZkB_WLV8.j3RIJahq6707ll-eF5GcT3j8kzLrD_-YcllTFgIxgv0&dib_tag=se&keywords=headphones&qid=1761804291&sprefix=headphones%2Caps%2C272&sr=8-40&xpid=LyC1tMK2IiUd6,https://m.media-amazon.com/images/I/71L70bAl2KL._AC_UY218_.jpg,1199,,INR,3.4,1600,False,2356,en_US,2025-10-30T11:35:32.734783
10300802-1177-0209-0000-5702cf7fd9cb,B0FNNBF4LM,headphones,"GOBOULT Newly Launched Fluid X Pro Ear Bluetooth Headphones with 70H Playtime, 40mm Bass Drivers, Zen™ ENC Mic, Type-C Fast Charging, 4 EQ Modes, AUX Option, IPX5 Wireless Headphones (Black)",https://www.amazon.in/Launched-Bluetooth-Headphones-Playtime-Charging/dp/B0FNNBF4LM/ref=sr_1_41?crid=FWDWOR6O7KJ1&dib=eyJ2IjoiMSJ9.RMxAuUvcnQZzMpeSRos2pPr1WclON83TiFkL-rcJmWnQFq7iXcZB6cIDu002cOcsGnU3cj_ixh6-4fa_cd3jDLIlvSb1jWjyMInyvlmHAQqXrlxm747pWhFXg0ZFb5ULZ5n6Y7iXYh0ZuV7-nO_dTf6yJzdB_YqHWgiRFJ9u1ucGrZu8vXnzK18z9vOsfog2zWX0BK_uvsBGnBOliroRJPAzSqFzi-avlNjZkB_WLV8.j3RIJahq6707ll-eF5GcT3j8kzLrD_-YcllTFgIxgv0&dib_tag=se&keywords=headphones&qid=1761804291&sprefix=headphones%2Caps%2C272&sr=8-41&xpid=LyC1tMK2IiUd6,https://m.media-amazon.com/images/I/81PBfUijZmL._AC_UY218_.jpg,1999,,INR,4,136,False,2356,en_US,2025-10-30T11:35:32.734783
10300802-1177-0209-0000-5702cf7fd9cb,B07L8KV2KC,headphones,"ZEBRONICS Thunder Bluetooth 5.3 Wireless Headphones with 60H Backup, Gaming Mode, Dual Pairing, ENC, AUX, Micro SD, Voice Assistant, Comfortable Earcups, Call Function (Brown)",https://www.amazon.in/ZEBRONICS-Bluetooth-Headphones-Assistant-Comfortable/dp/B07L8KV2KC/ref=sr_1_42?crid=FWDWOR6O7KJ1&dib=eyJ2IjoiMSJ9.RMxAuUvcnQZzMpeSRos2pPr1WclON83TiFkL-rcJmWnQFq7iXcZB6cIDu002cOcsGnU3cj_ixh6-4fa_cd3jDLIlvSb1jWjyMInyvlmHAQqXrlxm747pWhFXg0ZFb5ULZ5n6Y7iXYh0ZuV7-nO_dTf6yJzdB_YqHWgiRFJ9u1ucGrZu8vXnzK18z9vOsfog2zWX0BK_uvsBGnBOliroRJPAzSqFzi-avlNjZkB_WLV8.j3RIJahq6707ll-eF5GcT3j8kzLrD_-YcllTFgIxgv0&dib_tag=se&keywords=headphones&qid=1761804291&sprefix=headphones%2Caps%2C272&sr=8-42&xpid=LyC1tMK2IiUd6,https://m.media-amazon.com/images/I/61i7ivBDe3L._AC_UY218_.jpg,799,,INR,3.8,80600,False,2356,en_US,2025-10-30T11:35:32.734783
10300802-1177-0209-0000-5702cf7fd9cb,B0DGX1VCWX,headphones,"Spigen Audio Newly Launched SA-HP P10 Wireless Over Ear Headphones with 60H Playtime, Upto 43dB Multi-Mode Adaptive ANC Pro, EQ Customizing App, 5-MIC, Gaming Mode, 40mm Driver - Black",https://www.amazon.in/sspa/click?ie=UTF8&spc=MTo0Njc1ODU2NzIyMDczMTcyOjE3NjE4MDQyOTE6c3BfbXRmOjMwMDQxNTQ2NDc5ODczMjo6MDo6&url=%2FSpigen-Launched-Headphones-Multi-Mode-Customizing%2Fdp%2FB0DGX1VCWX%2Fref%3Dsr_1_43_sspa%3Fcrid%3DFWDWOR6O7KJ1%26dib%3DeyJ2IjoiMSJ9.RMxAuUvcnQZzMpeSRos2pPr1WclON83TiFkL-rcJmWnQFq7iXcZB6cIDu002cOcsGnU3cj_ixh6-4fa_cd3jDLIlvSb1jWjyMInyvlmHAQqXrlxm747pWhFXg0ZFb5ULZ5n6Y7iXYh0ZuV7-nO_dTf6yJzdB_YqHWgiRFJ9u1ucGrZu8vXnzK18z9vOsfog2zWX0BK_uvsBGnBOliroRJPAzSqFzi-avlNjZkB_WLV8.j3RIJahq6707ll-eF5GcT3j8kzLrD_-YcllTFgIxgv0%26dib_tag%3Dse%26keywords%3Dheadphones%26qid%3D1761804291%26sprefix%3Dheadphones%252Caps%252C272%26sr%3D8-43-spons%26xpid%3DLyC1tMK2IiUd6%26sp_csd%3Dd2lkZ2V0TmFtZT1zcF9tdGY%26psc%3D1&aref=RywoSRJdxe&sp_cr=ZAZ,https://m.media-amazon.com/images/I/61JPGZHFKiL._AC_UY218_.jpg,4899,,INR,3.8,50,False,2356,en_US,2025-10-30T11:35:32.734783
10300802-1177-0209-0000-5702cf7fd9cb,B0DT9T945X,headphones,"GOBOULT X Mustang Q Over Ear Bluetooth Headphones with 70H Playtime, 40mm Bass Drivers, Zen ENC Mic, Type-C Fast Charging, 4 EQ Modes, Bluetooth 5.4, AUX Option, IPX5 Wireless Headphones",https://www.amazon.in/sspa/click?ie=UTF8&spc=MTo0Njc1ODU2NzIyMDczMTcyOjE3NjE4MDQyOTE6c3BfbXRmOjMwMDQ4MzczMDAyODIzMjo6MDo6&url=%2FBoult-Launched-Bluetooth-Headphones-Playtime%2Fdp%2FB0DT9T945X%2Fref%3Dsr_1_44_sspa%3Fcrid%3DFWDWOR6O7KJ1%26dib%3DeyJ2IjoiMSJ9.RMxAuUvcnQZzMpeSRos2pPr1WclON83TiFkL-rcJmWnQFq7iXcZB6cIDu002cOcsGnU3cj_ixh6-4fa_cd3jDLIlvSb1jWjyMInyvlmHAQqXrlxm747pWhFXg0ZFb5ULZ5n6Y7iXYh0ZuV7-nO_dTf6yJzdB_YqHWgiRFJ9u1ucGrZu8vXnzK18z9vOsfog2zWX0BK_uvsBGnBOliroRJPAzSqFzi-avlNjZkB_WLV8.j3RIJahq6707ll-eF5GcT3j8kzLrD_-YcllTFgIxgv0%26dib_tag%3Dse%26keywords%3Dheadphones%26qid%3D1761804291%26sprefix%3Dheadphones%252Caps%252C272%26sr%3D8-44-spons%26xpid%3DLyC1tMK2IiUd6%26sp_csd%3Dd2lkZ2V0TmFtZT1zcF9tdGY%26psc%3D1&aref=AviEa0isyI&sp_cr=ZAZ,https://m.media-amazon.com/images/I/81s-xD5h8xL._AC_UY218_.jpg,2299,,INR,4,4700,False,2356,en_US,2025-10-30T11:35:32.734783
10300802-1177-0209-0000-5702cf7fd9cb,B0CY1PL36Q,headphones,"Noise Airwave Max 4 Wireless Over Ear Headphones with 70H Playtime, ENC, 40mm Driver, Low Latency(up to 40ms), Dual Pairing, BT v5.4 (Calm Beige)",https://www.amazon.in/Noise-Launched-Wireless-Headphones-Playtime/dp/B0CY1PL36Q/ref=sr_1_45?crid=FWDWOR6O7KJ1&dib=eyJ2IjoiMSJ9.RMxAuUvcnQZzMpeSRos2pPr1WclON83TiFkL-rcJmWnQFq7iXcZB6cIDu002cOcsGnU3cj_ixh6-4fa_cd3jDLIlvSb1jWjyMInyvlmHAQqXrlxm747pWhFXg0ZFb5ULZ5n6Y7iXYh0ZuV7-nO_dTf6yJzdB_YqHWgiRFJ9u1ucGrZu8vXnzK18z9vOsfog2zWX0BK_uvsBGnBOliroRJPAzSqFzi-avlNjZkB_WLV8.j3RIJahq6707ll-eF5GcT3j8kzLrD_-YcllTFgIxgv0&dib_tag=se&keywords=headphones&qid=1761804291&sprefix=headphones%2Caps%2C272&sr=8-45&xpid=LyC1tMK2IiUd6,https://m.media-amazon.com/images/I/614Hd3JaGOL._AC_UY218_.jpg,2499,,INR,3.7,2400,False,2356,en_US,2025-10-30T11:35:32.734783
10300802-1177-0209-0000-5702cf7fd9cb,B0CWVX1GNX,headphones,"Sony ULT Wear WH-ULT900N Noise Cancellation Wireless Bluetooth Over Ear Headphones with Massive Bass, Up to 50Hrs Battery-Black",https://www.amazon.in/Sony-Headphones-Wh-Ult900N-Cancelling-Pair-Black/dp/B0CWVX1GNX/ref=sr_1_46?crid=FWDWOR6O7KJ1&dib=eyJ2IjoiMSJ9.RMxAuUvcnQZzMpeSRos2pPr1WclON83TiFkL-rcJmWnQFq7iXcZB6cIDu002cOcsGnU3cj_ixh6-4fa_cd3jDLIlvSb1jWjyMInyvlmHAQqXrlxm747pWhFXg0ZFb5ULZ5n6Y7iXYh0ZuV7-nO_dTf6yJzdB_YqHWgiRFJ9u1ucGrZu8vXnzK18z9vOsfog2zWX0BK_uvsBGnBOliroRJPAzSqFzi-avlNjZkB_WLV8.j3RIJahq6707ll-eF5GcT3j8kzLrD_-YcllTFgIxgv0&dib_tag=se&keywords=headphones&qid=1761804291&sprefix=headphones%2Caps%2C272&sr=8-46&xpid=LyC1tMK2IiUd6,https://m.media-amazon.com/images/I/610DB8Cwm7L._AC_UY218_.jpg,15525,,INR,4.3,2300,False,2356,en_US,2025-10-30T11:35:32.734783
10300802-1177-0209-0000-5702cf7fd9cb,B0BS74M665,headphones,"Sony WH-CH720N, Wireless Over-Ear Active Noise Cancellation Headphones with Mic, up to 50 Hours Playtime, Multi-Point Connection, App Support, AUX & Voice Assistant Support for Mobile Phones (White)",https://www.amazon.in/Sony-Cancellation-Headphones-Multi-Point-Connection/dp/B0BS74M665/ref=sr_1_47?crid=FWDWOR6O7KJ1&dib=eyJ2IjoiMSJ9.RMxAuUvcnQZzMpeSRos2pPr1WclON83TiFkL-rcJmWnQFq7iXcZB6cIDu002cOcsGnU3cj_ixh6-4fa_cd3jDLIlvSb1jWjyMInyvlmHAQqXrlxm747pWhFXg0ZFb5ULZ5n6Y7iXYh0ZuV7-nO_dTf6yJzdB_YqHWgiRFJ9u1ucGrZu8vXnzK18z9vOsfog2zWX0BK_uvsBGnBOliroRJPAzSqFzi-avlNjZkB_WLV8.j3RIJahq6707ll-eF5GcT3j8kzLrD_-YcllTFgIxgv0&dib_tag=se&keywords=headphones&qid=1761804291&sprefix=headphones%2Caps%2C272&sr=8-47&xpid=LyC1tMK2IiUd6,https://m.media-amazon.com/images/I/41tp0JPPlmL._AC_UY218_.jpg,9479,,INR,4.2,12900,False,2356,en_US,2025-10-30T11:35:32.734783
10300802-1177-0209-0000-5702cf7fd9cb,B0CD1FHLMH,headphones,"soundcore by Anker H30i Wireless On-Ear Headphones, Foldable Design, Pure Bass, 70H Playtime, Bluetooth 5.3, Lightweight and Comfortable, App Connectivity, Multipoint Connection (Black)",https://www.amazon.in/soundcore-Headphones-Lightweight-Comfortable-Connectivity/dp/B0CD1FHLMH/ref=sr_1_48?crid=FWDWOR6O7KJ1&dib=eyJ2IjoiMSJ9.RMxAuUvcnQZzMpeSRos2pPr1WclON83TiFkL-rcJmWnQFq7iXcZB6cIDu002cOcsGnU3cj_ixh6-4fa_cd3jDLIlvSb1jWjyMInyvlmHAQqXrlxm747pWhFXg0ZFb5ULZ5n6Y7iXYh0ZuV7-nO_dTf6yJzdB_YqHWgiRFJ9u1ucGrZu8vXnzK18z9vOsfog2zWX0BK_uvsBGnBOliroRJPAzSqFzi-avlNjZkB_WLV8.j3RIJahq6707ll-eF5GcT3j8kzLrD_-YcllTFgIxgv0&dib_tag=se&keywords=headphones&qid=1761804291&sprefix=headphones%2Caps%2C272&sr=8-48&xpid=LyC1tMK2IiUd6,https://m.media-amazon.com/images/I/61SNaslx5FL._AC_UY218_.jpg,1499,,INR,4.2,8100,False,2356,en_US,2025-10-30T11:35:32.734783
10300802-1177-0209-0000-5702cf7fd9cb,B07GQD4K6L,headphones,Boat Bassheads 100 in Ear Wired Headphones Earphones with Mic (Furious Red),https://www.amazon.in/Boat-BassHeads-100-Inspired-Earphones/dp/B07GQD4K6L/ref=sr_1_49?crid=FWDWOR6O7KJ1&dib=eyJ2IjoiMSJ9.RMxAuUvcnQZzMpeSRos2pPr1WclON83TiFkL-rcJmWnQFq7iXcZB6cIDu002cOcsGnU3cj_ixh6-4fa_cd3jDLIlvSb1jWjyMInyvlmHAQqXrlxm747pWhFXg0ZFb5ULZ5n6Y7iXYh0ZuV7-nO_dTf6yJzdB_YqHWgiRFJ9u1ucGrZu8vXnzK18z9vOsfog2zWX0BK_uvsBGnBOliroRJPAzSqFzi-avlNjZkB_WLV8.j3RIJahq6707ll-eF5GcT3j8kzLrD_-YcllTFgIxgv0&dib_tag=se&keywords=headphones&qid=1761804291&sprefix=headphones%2Caps%2C272&sr=8-49&xpid=LyC1tMK2IiUd6,https://m.media-amazon.com/images/I/41o2uWllXtL._AC_UY218_.jpg,399,,INR,4.1,420000,False,2356,en_US,2025-10-30T11:35:32.734783
10300802-1177-0209-0000-5702cf7fd9cb,B0FJXBG8ZF,headphones,"FRONTECH Wired Over-Ear Multimedia Headphones with Mic | 3.5mm Single Audio Jack| Adjustable Headband & Soft Cushions | Compatible with PC, Laptop & Mobile – White & Blue (HF-3452)",https://www.amazon.in/FRONTECH-Multimedia-Headphones-Adjustable-Compatible/dp/B0FJXBG8ZF/ref=sr_1_50?crid=FWDWOR6O7KJ1&dib=eyJ2IjoiMSJ9.RMxAuUvcnQZzMpeSRos2pPr1WclON83TiFkL-rcJmWnQFq7iXcZB6cIDu002cOcsGnU3cj_ixh6-4fa_cd3jDLIlvSb1jWjyMInyvlmHAQqXrlxm747pWhFXg0ZFb5ULZ5n6Y7iXYh0ZuV7-nO_dTf6yJzdB_YqHWgiRFJ9u1ucGrZu8vXnzK18z9vOsfog2zWX0BK_uvsBGnBOliroRJPAzSqFzi-avlNjZkB_WLV8.j3RIJahq6707ll-eF5GcT3j8kzLrD_-YcllTFgIxgv0&dib_tag=se&keywords=headphones&qid=1761804291&sprefix=headphones%2Caps%2C272&sr=8-50&xpid=LyC1tMK2IiUd6,https://m.media-amazon.com/images/I/61RA0++MFHL._AC_UY218_.jpg,469,,INR,3.8,13,False,2356,en_US,2025-10-30T11:35:32.734783
10300802-1177-0209-0000-5702cf7fd9cb,B0C4HBW653,headphones,"Portronics Muffs M2 Bluetooth Headphones On Ear with Upto 40 Hrs Playtime, 40mm Dynamic Drivers, AUX 3.5mm, Powerful Bass, Laptop & PC Support, Type C Charging Port, Foldable Design(Black)",https://www.amazon.in/Portronics-Bluetooth-Headphones-Playtime-Powerful/dp/B0C4HBW653/ref=sr_1_51?crid=FWDWOR6O7KJ1&dib=eyJ2IjoiMSJ9.RMxAuUvcnQZzMpeSRos2pPr1WclON83TiFkL-rcJmWnQFq7iXcZB6cIDu002cOcsGnU3cj_ixh6-4fa_cd3jDLIlvSb1jWjyMInyvlmHAQqXrlxm747pWhFXg0ZFb5ULZ5n6Y7iXYh0ZuV7-nO_dTf6yJzdB_YqHWgiRFJ9u1ucGrZu8vXnzK18z9vOsfog2zWX0BK_uvsBGnBOliroRJPAzSqFzi-avlNjZkB_WLV8.j3RIJahq6707ll-eF5GcT3j8kzLrD_-YcllTFgIxgv0&dib_tag=se&keywords=headphones&qid=1761804291&sprefix=headphones%2Caps%2C272&sr=8-51&xpid=LyC1tMK2IiUd6,https://m.media-amazon.com/images/I/51rE6m+PHnL._AC_UY218_.jpg,829,,INR,3.9,903,False,2356,en_US,2025-10-30T11:35:32.734783
10300802-1177-0209-0000-5702cf7fd9cb,B0DV5HX4JZ,headphones,"boAt Rockerz 650 Pro (2025 Launch),Touch/Swipe Controls,Dolby Audio,80Hrs Battery,2Mics Enx,Fast Charge,App Support,Dual Pair,Bluetooth Over Ear Headphones,Wireless Headphone with Mic (Starry Night)",https://www.amazon.in/boAt-Rockerz-650-Pro-Headphones/dp/B0DV5HX4JZ/ref=sr_1_52?crid=FWDWOR6O7KJ1&dib=eyJ2IjoiMSJ9.RMxAuUvcnQZzMpeSRos2pPr1WclON83TiFkL-rcJmWnQFq7iXcZB6cIDu002cOcsGnU3cj_ixh6-4fa_cd3jDLIlvSb1jWjyMInyvlmHAQqXrlxm747pWhFXg0ZFb5ULZ5n6Y7iXYh0ZuV7-nO_dTf6yJzdB_YqHWgiRFJ9u1ucGrZu8vXnzK18z9vOsfog2zWX0BK_uvsBGnBOliroRJPAzSqFzi-avlNjZkB_WLV8.j3RIJahq6707ll-eF5GcT3j8kzLrD_-YcllTFgIxgv0&dib_tag=se&keywords=headphones&qid=1761804291&sprefix=headphones%2Caps%2C272&sr=8-52&xpid=LyC1tMK2IiUd6,https://m.media-amazon.com/images/I/61faDMBMdmL._AC_UY218_.jpg,2799,,INR,4.2,2000,False,2356,en_US,2025-10-30T11:35:32.734783
10300802-1177-0209-0000-5702cf7fd9cb,B0DHKJ5HWL,headphones,"HP H200 On Ear Wireless Headset, Black",https://www.amazon.in/sspa/click?ie=UTF8&spc=MTo0Njc1ODU2NzIyMDczMTcyOjE3NjE4MDQyOTE6c3BfYnRmOjMwMDU0MTAxOTQzMjQzMjo6MDo6&url=%2FHP-99Y16AA-H200-Wireless-Headset%2Fdp%2FB0DHKJ5HWL%2Fref%3Dsr_1_53_sspa%3Fcrid%3DFWDWOR6O7KJ1%26dib%3DeyJ2IjoiMSJ9.RMxAuUvcnQZzMpeSRos2pPr1WclON83TiFkL-rcJmWnQFq7iXcZB6cIDu002cOcsGnU3cj_ixh6-4fa_cd3jDLIlvSb1jWjyMInyvlmHAQqXrlxm747pWhFXg0ZFb5ULZ5n6Y7iXYh0ZuV7-nO_dTf6yJzdB_YqHWgiRFJ9u1ucGrZu8vXnzK18z9vOsfog2zWX0BK_uvsBGnBOliroRJPAzSqFzi-avlNjZkB_WLV8.j3RIJahq6707ll-eF5GcT3j8kzLrD_-YcllTFgIxgv0%26dib_tag%3Dse%26keywords%3Dheadphones%26qid%3D1761804291%26sprefix%3Dheadphones%252Caps%252C272%26sr%3D8-53-spons%26xpid%3DLyC1tMK2IiUd6%26sp_csd%3Dd2lkZ2V0TmFtZT1zcF9idGY%26psc%3D1&aref=x4cNCJJP8E&sp_cr=ZAZ,https://m.media-amazon.com/images/I/71Yl4L6JVML._AC_UY218_.jpg,999,,INR,4,708,False,2356,en_US,2025-10-30T11:35:32.734783
10300802-1177-0209-0000-5702cf7fd9cb,B0D9YNNSJ3,headphones,"truke Newly Launched BTG 500 Over The Ear Gaming Headphone with 40mm Drivers, 10H of Playtime, Dual Pairing, Gaming Mode (50ms Latency) with RGB LEDs, TF Card with Volume Control, BT 5.4 (Sky Blue)",https://www.amazon.in/sspa/click?ie=UTF8&spc=MTo0Njc1ODU2NzIyMDczMTcyOjE3NjE4MDQyOTE6c3BfYnRmOjMwMDQ0Mjg5MzUwODAzMjo6MDo6&url=%2Ftruke-Launched-Headphone-Drivers-Playtime%2Fdp%2FB0D9YNNSJ3%2Fref%3Dsr_1_54_sspa%3Fcrid%3DFWDWOR6O7KJ1%26dib%3DeyJ2IjoiMSJ9.RMxAuUvcnQZzMpeSRos2pPr1WclON83TiFkL-rcJmWnQFq7iXcZB6cIDu002cOcsGnU3cj_ixh6-4fa_cd3jDLIlvSb1jWjyMInyvlmHAQqXrlxm747pWhFXg0ZFb5ULZ5n6Y7iXYh0ZuV7-nO_dTf6yJzdB_YqHWgiRFJ9u1ucGrZu8vXnzK18z9vOsfog2zWX0BK_uvsBGnBOliroRJPAzSqFzi-avlNjZkB_WLV8.j3RIJahq6707ll-eF5GcT3j8kzLrD_-YcllTFgIxgv0%26dib_tag%3Dse%26keywords%3Dheadphones%26qid%3D1761804291%26sprefix%3Dheadphones%252Caps%252C272%26sr%3D8-54-spons%26xpid%3DLyC1tMK2IiUd6%26sp_csd%3Dd2lkZ2V0TmFtZT1zcF9idGY%26psc%3D1&aref=B2ZJXUqafb&sp_cr=ZAZ,https://m.media-amazon.com/images/I/61zSmicfuzL._AC_UY218_.jpg,999,,INR,4.1,364,False,2356,en_US,2025-10-30T11:35:32.734783
10300802-1177-0209-0000-5702cf7fd9cb,B0DMTKW6PD,headphones,"pTron Newly Launched Bassbuds Prism TWS Earbuds with 3D AudioScape, 45Hrs Playtime, TruTalk AI-ENC Calls, 50ms Low Latency Sync, BT5.3, Type-C Fast Charging, Voice Asst. & IPX5 Water Resistant (Black)",https://www.amazon.in/pTron-Launched-Bassbuds-AudioScape-Resistant/dp/B0DMTKW6PD/ref=sxbs_sbv_search_btf,https://m.media-amazon.com/images/I/51GxSXoGDRL._AC_UL640_QL65_.jpg,699,,INR,4,2100,False,2356,en_US,2025-10-30T11:35:32.734783
10300802-1177-0209-0000-5702cf7fd9cb,B0F7M3Q8DV,headphones,"boAt 2025 Launch Rockerz 421, 40H Battery, Low Latency(40Ms), 40Mm Drivers, Enx Tech, Stream Ad Free Music via App Support, Bluetooth Headphones, Wireless Over Ear Headphone with Mic (Black Sabre)",https://www.amazon.in/boAt-Rockerz-Bluetooth-Headphones-Headphone/dp/B0F7M3Q8DV/ref=sr_1_49?crid=FWDWOR6O7KJ1&dib=eyJ2IjoiMSJ9.iAajVNIQ_ftC9xWEXiXgmUXGAdvlQPuRLCOhW4X1RhH2hbkz-w-XVxjERQcoZSEyyInrc8H65Qw9y-NlIAeR_ruW0-tTTNRXV-msNXt4B_1gAFGadpK069DvlDbxFyttqvv7FDug3M_xkNiYoKP_43o4lfjGdq3Ks2Tti_-Wfav_WxRBjpWXm_agy0lneU2t9lczMnNrzorX2ud04J82zcQ2NXw1zN5acrmfJR5lpyI.4FsreHTjiDsv6lMnb4hVje71d2RIAOgconGUufyluHA&dib_tag=se&keywords=headphones&qid=1761804295&sprefix=headphones%2Caps%2C272&sr=8-49&xpid=LyC1tMK2IiUd6,https://m.media-amazon.com/images/I/71bUXVCt5EL._AC_UY218_.jpg,1399,,INR,4.2,917,False,2356,en_US,2025-10-30T11:35:32.734783
10300802-1177-0209-0000-5702cf7fd9cb,B088FM4QG4,headphones,"ZEBRONICS Duke Over Ear Wireless Headphone with Up to 60h Backup,Supports Bluetooth,Dual Pairing,Gaming Mode,Environmental Noise Cancellation (ENC),LED Lights,Deep Bass,Voice Assistant Support (Black)",https://www.amazon.in/Zebronics-Bluetooth-Headphone-Multifunction-Black/dp/B088FM4QG4/ref=sr_1_50?crid=FWDWOR6O7KJ1&dib=eyJ2IjoiMSJ9.iAajVNIQ_ftC9xWEXiXgmUXGAdvlQPuRLCOhW4X1RhH2hbkz-w-XVxjERQcoZSEyyInrc8H65Qw9y-NlIAeR_ruW0-tTTNRXV-msNXt4B_1gAFGadpK069DvlDbxFyttqvv7FDug3M_xkNiYoKP_43o4lfjGdq3Ks2Tti_-Wfav_WxRBjpWXm_agy0lneU2t9lczMnNrzorX2ud04J82zcQ2NXw1zN5acrmfJR5lpyI.4FsreHTjiDsv6lMnb4hVje71d2RIAOgconGUufyluHA&dib_tag=se&keywords=headphones&qid=1761804295&sprefix=headphones%2Caps%2C272&sr=8-50&xpid=LyC1tMK2IiUd6,https://m.media-amazon.com/images/I/61CTGoZ5woL._AC_UY218_.jpg,1199,,INR,3.8,15900,False,2356,en_US,2025-10-30T11:35:32.734783
10300802-1177-0209-0000-5702cf7fd9cb,B0FC2YG6SK,headphones,"boAt 2025 Launch Rockerz 413, 60H Battery, 40Mm Drivers, Dual Pair,ENx Tech, Low Latency, Stream Ad Free Music via App Support, Bluetooth Headphones, Wireless Over Ear Headphone with Mic (Ash Grey)",https://www.amazon.in/boAt-Bluetooth-Headphones-Wireless-Headphone/dp/B0FC2YG6SK/ref=sr_1_51?crid=FWDWOR6O7KJ1&dib=eyJ2IjoiMSJ9.iAajVNIQ_ftC9xWEXiXgmUXGAdvlQPuRLCOhW4X1RhH2hbkz-w-XVxjERQcoZSEyyInrc8H65Qw9y-NlIAeR_ruW0-tTTNRXV-msNXt4B_1gAFGadpK069DvlDbxFyttqvv7FDug3M_xkNiYoKP_43o4lfjGdq3Ks2Tti_-Wfav_WxRBjpWXm_agy0lneU2t9lczMnNrzorX2ud04J82zcQ2NXw1zN5acrmfJR5lpyI.4FsreHTjiDsv6lMnb4hVje71d2RIAOgconGUufyluHA&dib_tag=se&keywords=headphones&qid=1761804295&sprefix=headphones%2Caps%2C272&sr=8-51&xpid=LyC1tMK2IiUd6,https://m.media-amazon.com/images/I/71mcQcNYL0L._AC_UY218_.jpg,1599,,INR,3.8,157,False,2356,en_US,2025-10-30T11:35:32.734783
10300802-1177-0209-0000-5702cf7fd9cb,B0F8HJNYSS,headphones,"Noise Master Buds Max, Sound by Bose Wireless Over-Ear Headphones with Segment Leading Adaptive ANC, Dynamic EQ, LHDC 5.0, Immersive Spatial Audio,Upto 60H Playtime, App Support (Silver)",https://www.amazon.in/sspa/click?ie=UTF8&spc=MTo3MTA1NjY2MTMzMDM4OTQzOjE3NjE4MDQyOTk6c3BfYXRmX25leHQ6MzAwNzc2MzYwNjUzNzMyOjowOjo&url=%2FNoise-Wireless-Over-Ear-Headphones-Immersive%2Fdp%2FB0F8HJNYSS%2Fref%3Dsr_1_65_sspa%3Fcrid%3DFWDWOR6O7KJ1%26dib%3DeyJ2IjoiMSJ9.mTjzuB17F42xEDhTcOGELfe15cweY0aK7w26AUxIIfPHHhopHXVNRekI-CU9z_tnauTV8YvdINHQ3Tmr6SgZmA9b2Nw2kZnFdkFFe48Lo9dTBOxex-enZdxvbKMaiBugrPHlzsOl2ZlEyf77hHhEbT8mVOwb2FLMXqT_k3k2aG2NZkjcuzTVQ7yt3CP63aGaKGO6INpOAMtRrbUrqdxDzp8CPcmJfPlBzUTZApd3qq0.MxnHr2qItEdRK5QlfdSTjLR8HDQSflAH8Uaa0Nbgm9s%26dib_tag%3Dse%26keywords%3Dheadphones%26qid%3D1761804299%26sprefix%3Dheadphones%252Caps%252C272%26sr%3D8-65-spons%26xpid%3DLyC1tMK2IiUd6%26sp_csd%3Dd2lkZ2V0TmFtZT1zcF9hdGZfbmV4dA%26psc%3D1&aref=MXLYHDrvTh&sp_cr=ZAZ,https://m.media-amazon.com/images/I/61l6RgFQeaL._AC_UY218_.jpg,10999,,INR,4.7,40,False,2356,en_US,2025-10-30T11:35:32.734783
10300802-1177-0209-0000-5702cf7fd9cb,B0DFHFH16K,headphones,"GOBOULT Made in India Q Over Ear Bluetooth Headphones with 70H Playtime, 40mm Bass Drivers, Zen™ ENC Mic, Type-C Fast Charging, 4 EQ Modes, IPX5 Headphones Wireless with mic (Black)",https://www.amazon.in/sspa/click?ie=UTF8&spc=MTo3MTA1NjY2MTMzMDM4OTQzOjE3NjE4MDQyOTk6c3BfYXRmX25leHQ6MzAwNjAyOTc0OTg2OTMyOjowOjo&url=%2FBoult-Bluetooth-Headphones-Playtime-Charging%2Fdp%2FB0DFHFH16K%2Fref%3Dsr_1_66_sspa%3Fcrid%3DFWDWOR6O7KJ1%26dib%3DeyJ2IjoiMSJ9.mTjzuB17F42xEDhTcOGELfe15cweY0aK7w26AUxIIfPHHhopHXVNRekI-CU9z_tnauTV8YvdINHQ3Tmr6SgZmA9b2Nw2kZnFdkFFe48Lo9dTBOxex-enZdxvbKMaiBugrPHlzsOl2ZlEyf77hHhEbT8mVOwb2FLMXqT_k3k2aG2NZkjcuzTVQ7yt3CP63aGaKGO6INpOAMtRrbUrqdxDzp8CPcmJfPlBzUTZApd3qq0.MxnHr2qItEdRK5QlfdSTjLR8HDQSflAH8Uaa0Nbgm9s%26dib_tag%3Dse%26keywords%3Dheadphones%26qid%3D1761804299%26sprefix%3Dheadphones%252Caps%252C272%26sr%3D8-66-spons%26xpid%3DLyC1tMK2IiUd6%26sp_csd%3Dd2lkZ2V0TmFtZT1zcF9hdGZfbmV4dA%26psc%3D1&aref=kBU4GEmAVi&sp_cr=ZAZ,https://m.media-amazon.com/images/I/617RrF009BL._AC_UY218_.jpg,1699,,INR,4,4700,False,2356,en_US,2025-10-30T11:35:32.734783
10300802-1177-0209-0000-5702cf7fd9cb,B0FG2QT7H2,headphones,"boAt Rockerz 512 ANC,(~40dB) Hybrid ANC, 80H Battery, 40mm Drivers, 40ms Low Latency, ENx Tech,Stream Ad Free Music via App Support, Bluetooth Headphones, Wireless Headphone with Mic (Cosmic Black)",https://www.amazon.in/boAt-Bluetooth-Headphones-Wireless-Headphone/dp/B0FG2QT7H2/ref=sr_1_67?crid=FWDWOR6O7KJ1&dib=eyJ2IjoiMSJ9.mTjzuB17F42xEDhTcOGELfe15cweY0aK7w26AUxIIfPHHhopHXVNRekI-CU9z_tnauTV8YvdINHQ3Tmr6SgZmA9b2Nw2kZnFdkFFe48Lo9dTBOxex-enZdxvbKMaiBugrPHlzsOl2ZlEyf77hHhEbT8mVOwb2FLMXqT_k3k2aG2NZkjcuzTVQ7yt3CP63aGaKGO6INpOAMtRrbUrqdxDzp8CPcmJfPlBzUTZApd3qq0.MxnHr2qItEdRK5QlfdSTjLR8HDQSflAH8Uaa0Nbgm9s&dib_tag=se&keywords=headphones&qid=1761804299&sprefix=headphones%2Caps%2C272&sr=8-67&xpid=LyC1tMK2IiUd6,https://m.media-amazon.com/images/I/61qdD0zSk8L._AC_UY218_.jpg,2999,,INR,4.2,30400,False,2356,en_US,2025-10-30T11:35:32.734783
10300802-1177-0209-0000-5702cf7fd9cb,B08KHT2HDT,headphones,Marshall Major IV Wireless Bluetooth On Ear Headphone with Mic (Black),https://www.amazon.in/Marshall-Major-Foldable-Bluetooth-Headphones/dp/B08KHT2HDT/ref=sr_1_68?crid=FWDWOR6O7KJ1&dib=eyJ2IjoiMSJ9.mTjzuB17F42xEDhTcOGELfe15cweY0aK7w26AUxIIfPHHhopHXVNRekI-CU9z_tnauTV8YvdINHQ3Tmr6SgZmA9b2Nw2kZnFdkFFe48Lo9dTBOxex-enZdxvbKMaiBugrPHlzsOl2ZlEyf77hHhEbT8mVOwb2FLMXqT_k3k2aG2NZkjcuzTVQ7yt3CP63aGaKGO6INpOAMtRrbUrqdxDzp8CPcmJfPlBzUTZApd3qq0.MxnHr2qItEdRK5QlfdSTjLR8HDQSflAH8Uaa0Nbgm9s&dib_tag=se&keywords=headphones&qid=1761804299&sprefix=headphones%2Caps%2C272&sr=8-68&xpid=LyC1tMK2IiUd6,https://m.media-amazon.com/images/I/71mTfSKhhTL._AC_UY218_.jpg,9999,,INR,4.3,14500,False,2356,en_US,2025-10-30T11:35:32.734783
10300802-1177-0209-0000-5702cf7fd9cb,B0D9THXV8B,headphones,icall P47 Gaming Headphones Bluetooth Wireless Over Ear Headphone (Black),https://www.amazon.in/icall-P47-Headphones-Bluetooth-Headphone/dp/B0D9THXV8B/ref=sr_1_69?crid=FWDWOR6O7KJ1&dib=eyJ2IjoiMSJ9.mTjzuB17F42xEDhTcOGELfe15cweY0aK7w26AUxIIfPHHhopHXVNRekI-CU9z_tnauTV8YvdINHQ3Tmr6SgZmA9b2Nw2kZnFdkFFe48Lo9dTBOxex-enZdxvbKMaiBugrPHlzsOl2ZlEyf77hHhEbT8mVOwb2FLMXqT_k3k2aG2NZkjcuzTVQ7yt3CP63aGaKGO6INpOAMtRrbUrqdxDzp8CPcmJfPlBzUTZApd3qq0.MxnHr2qItEdRK5QlfdSTjLR8HDQSflAH8Uaa0Nbgm9s&dib_tag=se&keywords=headphones&qid=1761804299&sprefix=headphones%2Caps%2C272&sr=8-69&xpid=LyC1tMK2IiUd6,https://m.media-amazon.com/images/I/411-0nASHQL._AC_UY218_.jpg,392,,INR,2.7,7,False,2356,en_US,2025-10-30T11:35:32.734783
